Company,City,Latitude,Longitude
Oracle,Malaga,36.7213028,-4.4216366
Oracle,Los Angeles,34.0536909,-118.242766
Oracle,Redwood City,37.4863239,-122.232523
Oracle,Waterloo,42.498275,-92.3328743
Oracle,Pune,18.521428,73.8544541
Oracle,Durham,35.996653,-78.9018053
Oracle,Nashua,42.7656251,-71.4677032
Oracle,Noida,28.5707841,77.3271074
Oracle,San Francisco,37.7790262,-122.419906
Oracle,Morrisville,47.88338804999999,-55.76861996265019
Oracle,Atlanta,33.7489924,-84.3902644
Oracle,Raleigh,35.7803977,-78.6390989
Oracle,Houston,29.7589382,-95.3676974
Oracle,Boston,42.3554334,-71.060511
Oracle,Barcelona,41.3828939,2.1774322
Oracle,Washington,38.8950368,-77.0365427
Oracle,Detroit,42.3315509,-83.0466403
Oracle,New York,40.7127281,-74.0060152
Oracle,Reston,38.9583737,-77.3579805
Oracle,San Ramon,41.7253374,1.363189
Oracle,Melbourne,-37.8142176,144.9631608
Oracle,Bengaluru,12.9767936,77.590082
Oracle,Toronto,43.6534817,-79.3839347
Oracle,Rocklin,38.7907339,-121.2357828
Oracle,Madrid,40.4167047,-3.7035825
Oracle,Bangalore,12.9767936,77.590082
Oracle,Colorado Springs,38.8339578,-104.825348
Oracle,Naples,40.8358846,14.2487679
Oracle,Vancouver,49.2608724,-123.113952
Oracle,Lagos,6.4550575,3.3941795
Oracle,Broomfield,39.9403995,-105.05208
Oracle,Charlotte,35.2272086,-80.8430827
Oracle,Stockholm,59.3251172,18.0710935
Oracle,Thiruvananthapuram,8.4882267,76.947551
Oracle,Brno,49.1922443,16.6113382
Oracle,Colorado City,32.3930337,-100.8635106
Oracle,Arlington,32.7355816,-97.1071186
Oracle,Foster City,37.5600336,-122.2688522
Oracle,Ashburn,39.0437192,-77.4874899
Oracle,Arvada,39.8005505,-105.0811573
Oracle,Pleasanton,37.6624312,-121.8746789
Oracle,Zapopan,20.7211203,-103.3913671
Oracle,Austin,30.2711286,-97.7436995
Oracle,Aspen,39.1911128,-106.8235606
Oracle,Minneapolis,44.9772995,-93.2654692
Oracle,Amsterdam,52.3727598,4.8936041
Oracle,San Mateo,37.5629997,-122.3253265
Oracle,Denver,39.7392364,-104.984862
Oracle,Seattle,47.6038321,-122.330062
Oracle,Zurich,47.3744489,8.5410422
Oracle,Dubai,25.2653471,55.2924914
Oracle,Mckinney,33.1976496,-96.6154471
Oracle,San Jose,37.3361663,-121.890591
Oracle,Bellevue,47.6144219,-122.192337
Oracle,Trivandrum,8.4882267,76.947551
Oracle,Reading,51.456659,-0.9696512
Oracle,Las Vegas,36.1672559,-115.148516
Oracle,Guadalajara,20.6720375,-103.338396
Oracle,Bucharest,44.4361414,26.1027202
Oracle,Sydney,-33.8698439,151.2082848
Oracle,Tokyo,35.6828387,139.7594549
Oracle,Singapore,1.2899175,103.8519072
Oracle,Orlando,28.5421109,-81.3790304
Oracle,Gurgaon,28.42826235,77.00270014657752
Oracle,Santa Clara,37.3541132,-121.955174
Oracle,Manchester,53.4794892,-2.2451148
Oracle,San Antonio,29.4246002,-98.4951405
Oracle,Hyderabad,17.360589,78.4740613
Oracle,Dallas,32.7762719,-96.7968559
Oracle,London,51.5073219,-0.1276474
Oracle,Oakland,37.8044557,-122.271356
Oracle,Burlington,44.4761601,-73.212906
Oracle,Portland,45.5202471,-122.674194
Oracle,Tel Aviv,32.0852997,34.7818064
Oracle,Beijing,39.906217,116.3912757
Oracle,Tampa,27.9477595,-82.458444
Oracle,San Rafael,37.9735346,-122.5310874
Oracle,Sunnyvale,37.3688301,-122.036349
Oracle,Kitchener,43.451291,-80.4927815
Oracle,Cambridge,52.197584649999996,0.13915373736874398
Oracle,Utrecht,52.080985600000005,5.12768396945229
Oracle,Prague,50.0874654,14.4212535
Oracle,Cape Town,-33.928992,18.417396
Oracle,Fairfax,38.8462236,-77.3063733
Oracle,Boulder,40.0149856,-105.270545
Oracle,Philadelphia,39.9527237,-75.1635262
Oracle,Herndon,39.909726,-100.785153
Oracle,Dublin,53.3498006,-6.2602964
Oracle,Bozeman,45.6794293,-111.044047
Oracle,Oklahoma City,35.4729886,-97.5170536
Oracle,Santa Monica,34.0194704,-118.491227
Oracle,Quebec,46.8137431,-71.2084061
Oracle,San Diego,32.7174202,-117.1627728
Oracle,Montreal,45.5031824,-73.5698065
Oracle,Chicago,41.8755616,-87.6244212
Amazon,Antioch,36.0600602,-86.6722192
Amazon,Dallas,32.7762719,-96.7968559
Amazon,Costa Mesa,33.6633386,-117.903317
Amazon,Newark,40.735657,-74.1723667
Amazon,Tustin,33.7458511,-117.826166
Amazon,Rialto,34.1064001,-117.3703235
Amazon,Sumner,42.8488865,-92.0970758
Amazon,Kansas City,39.100105,-94.5781416
Amazon,New Delhi,28.6138954,77.2090057
Amazon,Denver,39.7392364,-104.984862
Amazon,Claremont,34.0966764,-117.7197785
Amazon,California City,35.125801,-117.9859038
Amazon,Columbus,39.9622601,-83.0007065
Amazon,Chicago,41.8755616,-87.6244212
Amazon,Munich,48.1371079,11.5753822
Amazon,Pittsburgh,40.4176676,-79.9822409
Amazon,San Luis Obispo,35.2827525,-120.6596156
Amazon,San Diego,32.7174202,-117.1627728
Amazon,Thornton,39.8695516,-104.985181
Amazon,Glasgow,55.8609825,-4.2488787
Amazon,Seattle,47.6038321,-122.330062
Amazon,Toulouse,43.6044622,1.4442469
Amazon,Pune,18.521428,73.8544541
Amazon,North Reading,42.5750939,-71.0786653
Amazon,Seoul,37.5666791,126.9782914
Amazon,Virginia Beach,36.8529841,-75.9774183
Amazon,Garner,43.102147,-93.6020069
Amazon,Gilbert,33.3527632,-111.7890373
Amazon,Orlando,28.5421109,-81.3790304
Amazon,Austin,30.2711286,-97.7436995
Amazon,Tempe,33.4255056,-111.9400091
Amazon,Aliso Viejo,33.5761376,-117.7258122
Amazon,Irving,32.8295183,-96.9442177
Amazon,Montreal,45.5031824,-73.5698065
Amazon,Hartford,41.764582,-72.6908547
Amazon,Richmond,37.5385087,-77.43428
Amazon,Dublin,53.3498006,-6.2602964
Amazon,Palo Alto,37.4443293,-122.1598465
Amazon,Phoenix,33.4484367,-112.074141
Amazon,Taipei,25.0375198,121.5636796
Amazon,Indianapolis,39.7683331,-86.1583502
Amazon,Santiago,9.8694792,-83.7980749
Amazon,Las Vegas,36.1672559,-115.148516
Amazon,Charlotte,35.2272086,-80.8430827
Amazon,Valdosta,30.8327022,-83.2784851
Amazon,Santa Cruz,28.469648,-16.2540884
Amazon,Tracy,37.7385507,-121.4201395
Amazon,Birmingham,52.4796992,-1.9026911
Amazon,Mexico,19.4326296,-99.1331785
Amazon,New Providence,25.1943588,-77.29532966890318
Amazon,Fairfax,38.8462236,-77.3063733
Amazon,Amsterdam,52.3727598,4.8936041
Amazon,Culver City,34.0211224,-118.396466
Amazon,New York,40.7127281,-74.0060152
Amazon,Gurgaon,28.42826235,77.00270014657752
Amazon,Paris,48.8588897,2.3200410217200766
Amazon,Redlands,34.0550328,-117.1827445
Amazon,Santa Barbara,34.4221319,-119.7026673
Amazon,Westborough,42.2694308,-71.6129907
Amazon,Luxembourg,49.6112768,6.129799
Amazon,Dresden,51.0493286,13.7381437
Amazon,Seal Beach,33.7423967,-118.1055926
Amazon,Miami,25.7741728,-80.19362
Amazon,Boston,42.3554334,-71.060511
Amazon,Edinburgh,55.9533456,-3.1883749
Amazon,Haifa,32.8191218,34.9983856
Amazon,Lehi,40.3881114,-111.8486019
Amazon,Germantown,38.5536601,-89.5384209
Amazon,Frankfurt,50.1106444,8.6820917
Amazon,Yangon,16.7967129,96.1609916
Amazon,Houston,29.7589382,-95.3676974
Amazon,Portland,45.5202471,-122.674194
Amazon,Berlin,52.5170365,13.3888599
Amazon,Newcastle Upon Tyne,54.9738474,-1.6131572
Amazon,Sacramento,38.5810606,-121.493895
Amazon,Sao Paulo,-23.5506507,-46.6333824
Amazon,Virgilina,36.5434739,-78.7750062
Amazon,Herndon,39.909726,-100.785153
Amazon,Grand Rapids,42.9632405,-85.6678639
Amazon,Boulder,40.0149856,-105.270545
Amazon,Milano,45.4641943,9.1896346
Amazon,San Francisco,37.7790262,-122.419906
Amazon,Brisbane,-27.4689682,153.0234991
Amazon,Peterborough,52.5725769,-0.2427336
Amazon,Cleveland,41.4996574,-81.6936772
Amazon,Baltimore,39.2908816,-76.610759
Amazon,West Orange,40.7987113,-74.2390353
Amazon,Cambridge,52.197584649999996,0.13915373736874398
Amazon,Sunnyvale,37.3688301,-122.036349
Amazon,St. Louis,38.6319657,-90.2428756
Amazon,Madison,43.074761,-89.3837613
Amazon,Chennai,13.0836939,80.270186
Amazon,Washington,38.8950368,-77.0365427
Amazon,Dubai,25.2653471,55.2924914
Amazon,San Antonio,29.4246002,-98.4951405
Amazon,Toronto,43.6534817,-79.3839347
Amazon,San Jose,37.3361663,-121.890591
Amazon,Bangalore,12.9767936,77.590082
Amazon,Atlanta,33.7489924,-84.3902644
Amazon,Oklahoma City,35.4729886,-97.5170536
Amazon,Cape Town,-33.928992,18.417396
Amazon,Cincinnati,39.1014537,-84.5124602
Amazon,Louisville,38.2542376,-85.759407
Amazon,Minneapolis,44.9772995,-93.2654692
Amazon,Shanghai,31.2322758,121.4692071
Amazon,Philadelphia,39.9527237,-75.1635262
Amazon,New Orleans,29.9759983,-90.0782127
Amazon,Fort Myers,26.640628,-81.8723084
Amazon,Arlington,32.7355816,-97.1071186
Amazon,Reston,38.9583737,-77.3579805
Amazon,New City,41.1469917,-73.9902998
Amazon,Detroit,42.3315509,-83.0466403
Amazon,Jersey City,40.7215682,-74.047455
Amazon,College Park,38.980666,-76.9369189
Amazon,Beijing,39.906217,116.3912757
Amazon,Hamburg,53.550341,10.000654
Amazon,Vancouver,49.2608724,-123.113952
Amazon,Texas City,29.396013,-94.9175485
Amazon,Athens,37.9839412,23.7283052
Amazon,Redmond,47.6694141,-122.1238767
Amazon,Milwaukee,43.0349931,-87.922497
Amazon,Raleigh,35.7803977,-78.6390989
Amazon,Bellevue,47.6144219,-122.192337
Amazon,Noida,28.5707841,77.3271074
Amazon,Santa Clara,37.3541132,-121.955174
Amazon,Tel Aviv,32.0852997,34.7818064
Amazon,Irvine,33.6856969,-117.8259819
Amazon,Los Angeles,34.0536909,-118.242766
Amazon,Rochester,43.157285,-77.615214
Amazon,Brasilia,-15.7934036,-47.8823172
Amazon,Delhi,28.6517178,77.2219388
Amazon,Cupertino,37.3228934,-122.0322895
Amazon,Bengaluru,12.9767936,77.590082
Amazon,Bristol,51.4538022,-2.5972985
Amazon,Mumbai,19.0785451,72.878176
Amazon,Orange,44.1371311,4.8078783
Amazon,Hyderabad,17.360589,78.4740613
Amazon,Nashville,36.1622767,-86.7742984
Amazon,Zurich,47.3744489,8.5410422
Amazon,Melbourne,-37.8142176,144.9631608
Amazon,Gdansk,54.3706858,18.61298210330077
Amazon,Aachen,50.776351,6.083862
Amazon,London,51.5073219,-0.1276474
Amazon,Barcelona,41.3828939,2.1774322
Amazon,Malvern,52.1159559,-2.3258985
Amazon,Calgary,51.0460954,-114.065465
Amazon,Stockholm,59.3251172,18.0710935
Amazon,Arizona City,32.7558936,-111.6709585
Amazon,Ottawa,45.4208777,-75.6901106
Amazon,Salt Lake City,40.7596198,-111.8867975
Amazon,Kaneohe,21.418555,-157.804184
Amazon,Sydney,-33.8698439,151.2082848
Amazon,Edison,40.538457,-74.39450186737218
Amazon,Tokyo,35.6828387,139.7594549
Amazon,Madrid,40.4167047,-3.7035825
Amazon,Graz,47.0708678,15.4382786
Amazon,Steubenville,40.3697905,-80.6339638
Amazon,Iasi,47.1615416,27.5837224
Amazon,Berkeley,37.8708393,-122.272863
Amazon,Plymouth,50.3712659,-4.1425658
Amazon,Santa Monica,34.0194704,-118.491227
Amazon,Singapore,1.2899175,103.8519072
Apple,Sacramento,38.5810606,-121.493895
Apple,London,51.5073219,-0.1276474
Apple,St. Louis,38.6319657,-90.2428756
Apple,Shenzhen,22.5445741,114.0545429
Apple,Portland,45.5202471,-122.674194
Apple,Dallas,32.7762719,-96.7968559
Apple,Tokyo,35.6828387,139.7594549
Apple,Beaverton,45.4871723,-122.80378
Apple,Toronto,43.6534817,-79.3839347
Apple,Hong Kong,22.2793278,114.1628131
Apple,Bangalore,12.9767936,77.590082
Apple,Haifa,32.8191218,34.9983856
Apple,Sunnyvale,37.3688301,-122.036349
Apple,Los Angeles,34.0536909,-118.242766
Apple,Brighton,50.8214626,-0.1400561
Apple,Cambridge,52.197584649999996,0.13915373736874398
Apple,Pittsburgh,40.4176676,-79.9822409
Apple,San Jose,37.3361663,-121.890591
Apple,Shanghai,31.2322758,121.4692071
Apple,Cupertino,37.3228934,-122.0322895
Apple,Paris,48.8588897,2.3200410217200766
Apple,San Diego,32.7174202,-117.1627728
Apple,Tel Aviv,32.0852997,34.7818064
Apple,Munich,48.1371079,11.5753822
Apple,San Francisco,37.7790262,-122.419906
Apple,Seattle,47.6038321,-122.330062
Apple,Noida,28.5707841,77.3271074
Apple,Texas City,29.396013,-94.9175485
Apple,Vancouver,49.2608724,-123.113952
Apple,Hyderabad,17.360589,78.4740613
Apple,Boulder,40.0149856,-105.270545
Apple,New York,40.7127281,-74.0060152
Apple,Minneapolis,44.9772995,-93.2654692
Apple,Santa Clara,37.3541132,-121.955174
Apple,Zurich,47.3744489,8.5410422
Apple,Redmond,47.6694141,-122.1238767
Apple,Cork,51.897077,-8.4654674
Apple,Taoyuan,24.9929995,121.3010003
Apple,Austin,30.2711286,-97.7436995
Apple,Stuttgart,48.7784485,9.1800132
Apple,Swindon,51.5613683,-1.7856853
Apple,Orlando,28.5421109,-81.3790304
Apple,Boston,42.3554334,-71.060511
Apple,Singapore,1.2899175,103.8519072
Microsoft,Reston,38.9583737,-77.3579805
Microsoft,New York,40.7127281,-74.0060152
Microsoft,Hong Kong,22.2793278,114.1628131
Microsoft,Indore,22.7203616,75.8681996
Microsoft,Irvine,33.6856969,-117.8259819
Microsoft,Sydney,-33.8698439,151.2082848
Microsoft,Atlanta,33.7489924,-84.3902644
Microsoft,Moscow,55.7504461,37.6174943
Microsoft,Stockholm,59.3251172,18.0710935
Microsoft,Mississauga,43.5896231,-79.6443879
Microsoft,Fremont,37.5482697,-121.988571
Microsoft,Fort Collins,40.5508527,-105.0668085
Microsoft,Berkeley,37.8708393,-122.272863
Microsoft,Cambridge,52.197584649999996,0.13915373736874398
Microsoft,Oakland,37.8044557,-122.271356
Microsoft,Oslo,59.9133301,10.7389701
Microsoft,Madison,43.074761,-89.3837613
Microsoft,Hyderabad,17.360589,78.4740613
Microsoft,Amsterdam,52.3727598,4.8936041
Microsoft,Tokyo,35.6828387,139.7594549
Microsoft,Herndon,39.909726,-100.785153
Microsoft,Miami,25.7741728,-80.19362
Microsoft,Boulder,40.0149856,-105.270545
Microsoft,Portland,45.5202471,-122.674194
Microsoft,Tromso,69.651648,18.9558186
Microsoft,Hahira,30.9948865,-83.381031774138
Microsoft,Shanghai,31.2322758,121.4692071
Microsoft,Honolulu,21.304547,-157.855676
Microsoft,Santa Monica,34.0194704,-118.491227
Microsoft,Calgary,51.0460954,-114.065465
Microsoft,Beijing,39.906217,116.3912757
Microsoft,Sao Paulo,-23.5506507,-46.6333824
Microsoft,Fort Lauderdale,26.1223084,-80.1433786
Microsoft,Aliso Viejo,33.5761376,-117.7258122
Microsoft,Seoul,37.5666791,126.9782914
Microsoft,St. Louis,38.6319657,-90.2428756
Microsoft,Boone,42.0596994,-93.8802202
Microsoft,Zurich,47.3744489,8.5410422
Microsoft,Santa Clara,37.3541132,-121.955174
Microsoft,Pensacola,30.421309,-87.2169149
Microsoft,Cheyenne,41.139981,-104.820246
Microsoft,Paris,48.8588897,2.3200410217200766
Microsoft,Campinas,-22.90556,-47.06083
Microsoft,Munich,48.1371079,11.5753822
Microsoft,Chicago,41.8755616,-87.6244212
Microsoft,Sunnyvale,37.3688301,-122.036349
Microsoft,Kansas City,39.100105,-94.5781416
Microsoft,Pleasanton,37.6624312,-121.8746789
Microsoft,Nairobi,-1.30326415,36.826384099341595
Microsoft,Belgium,40.0620915,-87.6392353
Microsoft,Dublin,53.3498006,-6.2602964
Microsoft,Mountain View,37.3893889,-122.0832101
Microsoft,Noida,28.5707841,77.3271074
Microsoft,Delhi,28.6517178,77.2219388
Microsoft,Colorado Springs,38.8339578,-104.825348
Microsoft,Taipei,25.0375198,121.5636796
Microsoft,Bengaluru,12.9767936,77.590082
Microsoft,Haifa,32.8191218,34.9983856
Microsoft,Cleveland,41.4996574,-81.6936772
Microsoft,Melbourne,-37.8142176,144.9631608
Microsoft,Brisbane,-27.4689682,153.0234991
Microsoft,Charlotte,35.2272086,-80.8430827
Microsoft,Shenzhen,22.5445741,114.0545429
Microsoft,Wimborne Minster,50.7995189,-1.987339
Microsoft,Berlin,52.5170365,13.3888599
Microsoft,Tel Aviv,32.0852997,34.7818064
Microsoft,Renton,47.4799078,-122.2034496
Microsoft,Suzhou,31.3016935,120.5810725
Microsoft,Vancouver,49.2608724,-123.113952
Microsoft,Morrisville,47.88338804999999,-55.76861996265019
Microsoft,San Jose,37.3361663,-121.890591
Microsoft,Cologne,50.938361,6.959974
Microsoft,Tallinn,59.4372155,24.7453688
Microsoft,Kirkland,47.6859573,-122.1920249
Microsoft,Johannesburg,-26.205,28.049722
Microsoft,Seattle,47.6038321,-122.330062
Microsoft,Belgrade,44.8178131,20.4568974
Microsoft,Austin,30.2711286,-97.7436995
Microsoft,Auckland,-36.852095,174.7631803
Microsoft,Detroit,42.3315509,-83.0466403
Microsoft,Saint Paul,44.9497487,-93.0931028
Microsoft,Reading,51.456659,-0.9696512
Microsoft,Copenhagen ,55.6867243,12.5700724
Microsoft,Raleigh,35.7803977,-78.6390989
Microsoft,Phoenix,33.4484367,-112.074141
Microsoft,Lehi,40.3881114,-111.8486019
Microsoft,Bangalore,12.9767936,77.590082
Microsoft,Grand Rapids,42.9632405,-85.6678639
Microsoft,Redwood City,37.4863239,-122.232523
Microsoft,Minneapolis,44.9772995,-93.2654692
Microsoft,Fargo,46.877229,-96.789821
Microsoft,Philadelphia,39.9527237,-75.1635262
Microsoft,Arlington,32.7355816,-97.1071186
Microsoft,London,51.5073219,-0.1276474
Microsoft,Montreal,45.5031824,-73.5698065
Microsoft,Prague,50.0874654,14.4212535
Microsoft,Washington,38.8950368,-77.0365427
Microsoft,Milwaukee,43.0349931,-87.922497
Microsoft,Bothell,47.7598697,-122.2068288
Microsoft,Bellevue,47.6144219,-122.192337
Microsoft,Salt Lake City,40.7596198,-111.8867975
Microsoft,San Juan,18.465299,-66.116666
Microsoft,Singapore,1.2899175,103.8519072
Microsoft,Issaquah,47.5348778,-122.0432974
Microsoft,Riyadh,24.638916,46.7160104
Microsoft,Houston,29.7589382,-95.3676974
Microsoft,California City,35.125801,-117.9859038
Microsoft,Nashville,36.1622767,-86.7742984
Microsoft,Canberra,-35.2975906,149.1012676
Microsoft,Toledo,39.8560679,-4.0239568
Microsoft,Redmond,47.6694141,-122.1238767
Microsoft,Orlando,28.5421109,-81.3790304
Microsoft,San Juan Bautista,36.8455173,-121.537989
Microsoft,Oregon City,45.3573429,-122.6067583
Microsoft,Toronto,43.6534817,-79.3839347
Microsoft,Elkridge,39.2128338,-76.7137155
Microsoft,Tampa,27.9477595,-82.458444
Microsoft,Burlington,44.4761601,-73.212906
Microsoft,Boston,42.3554334,-71.060511
Microsoft,Dallas,32.7762719,-96.7968559
Microsoft,San Francisco,37.7790262,-122.419906
Microsoft,Hilbert,44.140268,-88.1639908
Microsoft,Denver,39.7392364,-104.984862
Microsoft,Pittsburgh,40.4176676,-79.9822409
Microsoft,Los Angeles,34.0536909,-118.242766
Microsoft,San Diego,32.7174202,-117.1627728
Salesforce,Melbourne,-37.8142176,144.9631608
Salesforce,Petach Tikva,32.09063765,34.87657023824613
Salesforce,Calgary,51.0460954,-114.065465
Salesforce,Buenos Aires,-34.6075682,-58.4370894
Salesforce,Charlotte,35.2272086,-80.8430827
Salesforce,Goshen,41.5824086,-85.834366
Salesforce,New York,40.7127281,-74.0060152
Salesforce,London,51.5073219,-0.1276474
Salesforce,Lexington,38.0464066,-84.4970393
Salesforce,Baton Rouge,30.4507936,-91.1391153
Salesforce,Hong Kong,22.2793278,114.1628131
Salesforce,Washington,38.8950368,-77.0365427
Salesforce,Tel Aviv,32.0852997,34.7818064
Salesforce,Irvine,33.6856969,-117.8259819
Salesforce,Langhorne,40.1745538,-74.9226665
Salesforce,Sydney,-33.8698439,151.2082848
Salesforce,Atlanta,33.7489924,-84.3902644
Salesforce,Louisville,38.2542376,-85.759407
Salesforce,Fredericton,45.94780155,-66.65347069241668
Salesforce,Zurich,47.3744489,8.5410422
Salesforce,Vancouver,49.2608724,-123.113952
Salesforce,San Jose,37.3361663,-121.890591
Salesforce,Milwaukee,43.0349931,-87.922497
Salesforce,Bellevue,47.6144219,-122.192337
Salesforce,Salt Lake City,40.7596198,-111.8867975
Salesforce,Chicago,41.8755616,-87.6244212
Salesforce,Seattle,47.6038321,-122.330062
Salesforce,Kirkland,47.6859573,-122.1920249
Salesforce,Frederick,39.415779,-77.4127562
Salesforce,San Fernando,36.4643934,-6.198203
Salesforce,Indianapolis,39.7683331,-86.1583502
Salesforce,Brooklyn,40.6526006,-73.9497211
Salesforce,Iowa City,41.6612561,-91.5299106
Salesforce,Bend,44.0581728,-121.3153096
Salesforce,Cambridge,52.197584649999996,0.13915373736874398
Salesforce,Hamilton,43.2560802,-79.8728583
Salesforce,Oakland,37.8044557,-122.271356
Salesforce,Dublin,53.3498006,-6.2602964
Salesforce,Nashville,36.1622767,-86.7742984
Salesforce,Helsinki,60.1674881,24.9427473
Salesforce,Hyderabad,17.360589,78.4740613
Salesforce,Palo Alto,37.4443293,-122.1598465
Salesforce,Somerville,42.3875968,-71.0994968
Salesforce,Austin,30.2711286,-97.7436995
Salesforce,Amsterdam,52.3727598,4.8936041
Salesforce,Toronto,43.6534817,-79.3839347
Salesforce,Tokyo,35.6828387,139.7594549
Salesforce,Santa Rosa Beach,30.3466423,-86.2307992
Salesforce,Herndon,39.909726,-100.785153
Salesforce,Brampton,43.6858146,-79.7599337
Salesforce,Boulder,40.0149856,-105.270545
Salesforce,Dusseldorf,51.2254018,6.7763137
Salesforce,Tampa,27.9477595,-82.458444
Salesforce,Burlington,44.4761601,-73.212906
Salesforce,Portland,45.5202471,-122.674194
Salesforce,Boston,42.3554334,-71.060511
Salesforce,Dallas,32.7762719,-96.7968559
Salesforce,Raleigh,35.7803977,-78.6390989
Salesforce,Phoenix,33.4484367,-112.074141
Salesforce,Bengaluru,12.9767936,77.590082
Salesforce,Denver,39.7392364,-104.984862
Salesforce,Bangalore,12.9767936,77.590082
Salesforce,San Francisco,37.7790262,-122.419906
Salesforce,Los Angeles,34.0536909,-118.242766
Salesforce,Deerfield Beach,26.318342,-80.0996306
Salesforce,San Diego,32.7174202,-117.1627728
Salesforce,Minneapolis,44.9772995,-93.2654692
Salesforce,Ann Arbor,42.2681569,-83.7312291
Salesforce,Mobile,30.6867339,-88.0848929
Facebook,Amsterdam,52.3727598,4.8936041
Facebook,Kirkland,47.6859573,-122.1920249
Facebook,Gilbert,33.3527632,-111.7890373
Facebook,Seattle,47.6038321,-122.330062
Facebook,Sunnyvale,37.3688301,-122.036349
Facebook,Boston,42.3554334,-71.060511
Facebook,Bellevue,47.6144219,-122.192337
Facebook,San Diego,32.7174202,-117.1627728
Facebook,Denver,39.7392364,-104.984862
Facebook,Prineville,44.2998261,-120.834972
Facebook,Nairobi,-1.30326415,36.826384099341595
Facebook,New York,40.7127281,-74.0060152
Facebook,Pittsburgh,40.4176676,-79.9822409
Facebook,Londonderry,54.9978678,-7.3213056
Facebook,Montreal,45.5031824,-73.5698065
Facebook,Santa Barbara,34.4221319,-119.7026673
Facebook,Burlingame,37.5780965,-122.3473099
Facebook,Santa Clara,37.3541132,-121.955174
Facebook,Nineveh,44.4862192,-64.8073198
Facebook,Woodlands,1.436897,103.786216
Facebook,Menlo Park,37.4519671,-122.1779927
Facebook,Phoenix,33.4484367,-112.074141
Facebook,Palo Alto,37.4443293,-122.1598465
Facebook,Sao Paulo,-23.5506507,-46.6333824
Facebook,California City,35.125801,-117.9859038
Facebook,Minneapolis,44.9772995,-93.2654692
Facebook,Tel Aviv,32.0852997,34.7818064
Facebook,Toronto,43.6534817,-79.3839347
Facebook,Singapore,1.2899175,103.8519072
Facebook,Brussels,50.8465573,4.351697
Facebook,San Francisco,37.7790262,-122.419906
Facebook,Washington,38.8950368,-77.0365427
Facebook,Los Angeles,34.0536909,-118.242766
Facebook,San Jose,37.3361663,-121.890591
Facebook,Menomonie,44.8755183,-91.9193422
Facebook,Rabat,34.022405,-6.834543
Facebook,Dublin,53.3498006,-6.2602964
Facebook,Cambridge,52.197584649999996,0.13915373736874398
Facebook,Milano,45.4641943,9.1896346
Facebook,Redmond,47.6694141,-122.1238767
Facebook,Tulsa,36.1563122,-95.9927436
Facebook,Fremont,37.5482697,-121.988571
Facebook,Tucson,32.2228765,-110.9748477
Facebook,Austin,30.2711286,-97.7436995
Facebook,London,51.5073219,-0.1276474
Facebook,Vancouver,49.2608724,-123.113952
Facebook,Atlanta,33.7489924,-84.3902644
Facebook,Chicago,41.8755616,-87.6244212
Facebook,Cupertino,37.3228934,-122.0322895
Facebook,Giza,29.9870753,31.2118063
Facebook,San Mateo,37.5629997,-122.3253265
Facebook,Mountain View,37.3893889,-122.0832101
Google,Minnesota City,44.0938521,-91.7495959
Google,Ontario,34.065846,-117.6484304
Google,Ireland,53.4152268,-7.96655398901418
Google,Jakarta,-6.1753942,106.827183
Google,Boulder,40.0149856,-105.270545
Google,Bengaluru,12.9767936,77.590082
Google,Palo Alto,37.4443293,-122.1598465
Google,Jacksonville,30.3321838,-81.655651
Google,Tel Aviv,32.0852997,34.7818064
Google,Singapore,1.2899175,103.8519072
Google,Hyderabad,17.360589,78.4740613
Google,Los Angeles,34.0536909,-118.242766
Google,Cambridge,52.197584649999996,0.13915373736874398
Google,Berlin,52.5170365,13.3888599
Google,Detroit,42.3315509,-83.0466403
Google,Pittsburg,40.4416941,-79.9900861
Google,Canada,38.6752399,-0.8099623
Google,London,51.5073219,-0.1276474
Google,Zurich,47.3744489,8.5410422
Google,Venice,45.4371908,12.3345898
Google,Miami,25.7741728,-80.19362
Google,Chicago,41.8755616,-87.6244212
Google,San Francisco,37.7790262,-122.419906
Google,Annandale,45.2627428,-94.1244271
Google,Reston,38.9583737,-77.3579805
Google,Stockholm,59.3251172,18.0710935
Google,Beijing,39.906217,116.3912757
Google,San Diego,32.7174202,-117.1627728
Google,London Mills,40.7105947,-90.2662355
Google,Denver,39.7392364,-104.984862
Google,Las Vegas,36.1672559,-115.148516
Google,New Orleans,29.9759983,-90.0782127
Google,Virginia Beach,36.8529841,-75.9774183
Google,Mountain View,37.3893889,-122.0832101
Google,Texas City,29.396013,-94.9175485
Google,Londonderry,54.9978678,-7.3213056
Google,Redwood City,37.4863239,-122.232523
Google,Medan,3.5896654,98.6738261
Google,Sao Paulo,-23.5506507,-46.6333824
Google,Munich,48.1371079,11.5753822
Google,California City,35.125801,-117.9859038
Google,Taipei,25.0375198,121.5636796
Google,Panchiao,25.0096703,121.4590989
Google,Norfolk,36.8448348,-76.2863999
Google,Sembawang,1.4480646,103.8207604
Google,Pune,18.521428,73.8544541
Google,San Bruno,37.6261715,-122.433243
Google,Austin,30.2711286,-97.7436995
Google,Dubai,25.2653471,55.2924914
Google,Georgiana,31.6371028,-86.7419175
Google,Lafayette,30.2043259,-92.0298813
Google,Fairfax Station,38.800859,-77.3256803
Google,Kirkland,47.6859573,-122.1920249
Google,Sunnyvale,37.3688301,-122.036349
Google,Melbourne,-37.8142176,144.9631608
Google,Boston,42.3554334,-71.060511
Google,Tampa,27.9477595,-82.458444
Google,Bangalore,12.9767936,77.590082
Google,New York,40.7127281,-74.0060152
Google,Pittsburgh,40.4176676,-79.9822409
Google,Sydney,-33.8698439,151.2082848
Google,Brazil,39.523652,-87.1250154
Google,Santa Clara,37.3541132,-121.955174
Google,Warsaw,52.2319581,21.0067249
Google,Toronto,43.6534817,-79.3839347
Google,Washington,38.8950368,-77.0365427
Google,Torrance,33.8358492,-118.3406288
Google,San Jose,37.3361663,-121.890591
Google,Seoul,37.5666791,126.9782914
Google,Dallas,32.7762719,-96.7968559
Google,Bucharest,44.4361414,26.1027202
Google,Poland,41.024226,-80.614795
Google,Irvine,33.6856969,-117.8259819
Google,San Antonio,29.4246002,-98.4951405
Google,Gurgaon,28.42826235,77.00270014657752
Google,Raleigh,35.7803977,-78.6390989
Google,Atlanta,33.7489924,-84.3902644
Google,Hamburg,53.550341,10.000654
Google,Chapel Hill,35.9131542,-79.05578
Google,Santa Monica,34.0194704,-118.491227
Google,Madison,43.074761,-89.3837613
Google,Brampton,43.6858146,-79.7599337
Google,California Hot Springs,35.8802282,-118.6736995
Google,Reidsville,36.3548586,-79.6644748
Google,Durham,35.996653,-78.9018053
Google,Seattle,47.6038321,-122.330062
Google,Bellevue,47.6144219,-122.192337
Google,Pascagoula,30.3646795,-88.5585995
Google,Egypt,-27.676714,152.0984108763645
Google,Kitchener,43.451291,-80.4927815
Google,Round Rock,30.5085915,-97.6788056
Google,Montreal,45.5031824,-73.5698065
Google,Portland,45.5202471,-122.674194
Google,Santa Cruz,28.469648,-16.2540884
Google,Menlo Park,37.4519671,-122.1779927
Google,Suitland,38.848724,-76.9238625
Google,Hawaiian Gardens,33.8284787,-118.074313
Google,Waterloo,42.498275,-92.3328743
Google,Mexico,19.4326296,-99.1331785
Google,Belo Horizonte,-19.9227318,-43.9450948
Google,Usaquen,4.695219,-74.0309322
Google,Haifa,32.8191218,34.9983856
Google,Dublin,53.3498006,-6.2602964
Google,Florida,28.5421109,-81.3790304
Google,Redmond,47.6694141,-122.1238767
Google,Tokyo,35.6828387,139.7594549
Google,New York Mills,46.5180469,-95.3763155
Google,Paris,48.8588897,2.3200410217200766
Google,Fremont,37.5482697,-121.988571
Google,Vancouver,49.2608724,-123.113952
Google,Santa Rosa,38.4404925,-122.7141049
Google,Shanghai,31.2322758,121.4692071
Google,Philipsburg,18.0250713,-63.0483073
Google,Lansing,42.7337712,-84.5553805
Google,Amsterdam,52.3727598,4.8936041
Intel,Berlin,52.5170365,13.3888599
Intel,Moscow,55.7504461,37.6174943
Intel,Rio Rancho,35.269381,-106.632819
Intel,Bengaluru,12.9767936,77.590082
Intel,Oregon City,45.3573429,-122.6067583
Intel,Bellevue,47.6144219,-122.192337
Intel,Bangalore,12.9767936,77.590082
Intel,Tel Aviv,32.0852997,34.7818064
Intel,Phoenix,33.4484367,-112.074141
Intel,Boulder,40.0149856,-105.270545
Intel,Dublin,53.3498006,-6.2602964
Intel,San Francisco,37.7790262,-122.419906
Intel,Beijing,39.906217,116.3912757
Intel,Arizona City,32.7558936,-111.6709585
Intel,San Jose,37.3361663,-121.890591
Intel,Santa Clarita,34.3916641,-118.542586
Intel,London,51.5073219,-0.1276474
Intel,Fort Collins,40.5508527,-105.0668085
Intel,Toronto,43.6534817,-79.3839347
Intel,Portland,45.5202471,-122.674194
Intel,Sunnyvale,37.3688301,-122.036349
Intel,Hillsboro,45.5228939,-122.989827
Intel,Taipei,25.0375198,121.5636796
Intel,Austin,30.2711286,-97.7436995
Intel,Jerusalem,31.7788242,35.2257626
Intel,Hudson,42.7654433,-71.4397167
Intel,San Diego,32.7174202,-117.1627728
Intel,Petach Tikva,32.09063765,34.87657023824613
Intel,Gdansk,54.3706858,18.61298210330077
Intel,Chandler,33.3061605,-111.84125
Intel,Albuquerque,35.0841034,-106.650985
Intel,Santa Clara,37.3541132,-121.955174
Intel,Irvine,33.6856969,-117.8259819
Intel,Folsom,38.6779591,-121.1760583
Intel,Sacramento,38.5810606,-121.493895
Intel,Guadalajara,20.6720375,-103.338396
Intel,Oregon,42.0147513,-89.3323279
Intel,Munich,48.1371079,11.5753822
Intel,Shanghai,31.2322758,121.4692071
Intel,Seattle,47.6038321,-122.330062
Intel,Denver,39.7392364,-104.984862
Intel,Haifa,32.8191218,34.9983856
Intel,Beaverton,45.4871723,-122.80378
Intel,Boston,42.3554334,-71.060511
Intel,Vancouver,49.2608724,-123.113952
Intel,Leixlip,53.3644766,-6.4897438
Intel,Hsin-chu,27.3563517,109.1702939
Intel,Tampa,27.9477595,-82.458444
Cisco,Brussels,50.8465573,4.351697
Cisco,Bengaluru,12.9767936,77.590082
Cisco,Bellevue,47.6144219,-122.192337
Cisco,Bangalore,12.9767936,77.590082
Cisco,Nanjing,32.0615652,118.7915079
Cisco,Phoenix,33.4484367,-112.074141
Cisco,Los Angeles,34.0536909,-118.242766
Cisco,Miami,25.7741728,-80.19362
Cisco,New York,40.7127281,-74.0060152
Cisco,Morrisville,47.88338804999999,-55.76861996265019
Cisco,London,51.5073219,-0.1276474
Cisco,Sunnyvale,37.3688301,-122.036349
Cisco,Milpitas,37.4332273,-121.8989248
Cisco,Austin,30.2711286,-97.7436995
Cisco,Galway,53.2744122,-9.0490601
Cisco,Santa Clara,37.3541132,-121.955174
Cisco,Calgary,51.0460954,-114.065465
Cisco,San Marcos,29.8826436,-97.9405828
Cisco,Ann Arbor,42.2681569,-83.7312291
Cisco,Lille,50.6365654,3.0635282
Cisco,Paris,48.8588897,2.3200410217200766
Cisco,Columbia,34.0007493,-81.0343313
Cisco,Chennai,13.0836939,80.270186
Cisco,Madrid,40.4167047,-3.7035825
Cisco,Singapore,1.2899175,103.8519072
Cisco,Delhi,28.6517178,77.2219388
Cisco,Hong Kong,22.2793278,114.1628131
Cisco,Barcelona,41.3828939,2.1774322
Cisco,Toronto,43.6534817,-79.3839347
Cisco,San Diego,32.7174202,-117.1627728
Cisco,Jacksonville,30.3321838,-81.655651
Cisco,Prague,50.0874654,14.4212535
Cisco,Seattle,47.6038321,-122.330062
Cisco,Denver,39.7392364,-104.984862
Cisco,Richardson,32.9481789,-96.7297206
Cisco,Sydney,-33.8698439,151.2082848
Cisco,Indianapolis,39.7683331,-86.1583502
Cisco,Los Altos,42.7811566,-3.620209626541331
Cisco,Tel Aviv,32.0852997,34.7818064
Cisco,Dublin,53.3498006,-6.2602964
Cisco,San Francisco,37.7790262,-122.419906
Cisco,Feltham,51.4442232,-0.410659
Cisco,San Jose,37.3361663,-121.890591
Cisco,Dallas,32.7762719,-96.7968559
Cisco,Jersey City,40.7215682,-74.047455
Cisco,Philadelphia,39.9527237,-75.1635262
Cisco,Kanata,45.3128048,-75.8940505
Cisco,Lausanne,46.5218269,6.6327025
Cisco,Orlando,28.5421109,-81.3790304
Cisco,Taipei,25.0375198,121.5636796
Cisco,Washington,38.8950368,-77.0365427
Cisco,Alpharetta,34.0709576,-84.2747329
Cisco,Fairfield,38.2493581,-122.039966
Cisco,Raleigh,35.7803977,-78.6390989
Cisco,New York Mills,46.5180469,-95.3763155
Cisco,Palo Alto,37.4443293,-122.1598465
Cisco,Edinburgh,55.9533456,-3.1883749
Cisco,Cambridge,52.197584649999996,0.13915373736874398
Cisco,Durham,35.996653,-78.9018053
Cisco,Tempe,33.4255056,-111.9400091
Cisco,Chicago,41.8755616,-87.6244212
Cisco,Edmonton,53.5462055,-113.491241
Cisco,Herndon,39.909726,-100.785153
Cisco,Doha,25.2856329,51.5264162
Cisco,Istanbul,41.0091982,28.9662187
Cisco,Grand Rapids,42.9632405,-85.6678639
Cisco,Fulton,38.8467082,-91.9479586
Cisco,Oslo,59.9133301,10.7389701
Cisco,Boise,43.6166163,-116.200886
Cisco,Quebec,46.8137431,-71.2084061
Cisco,Portland,45.5202471,-122.674194
Cisco,Cary,35.7882893,-78.7812081
Cisco,Gurgaon,28.42826235,77.00270014657752
Cisco,Ottawa,45.4208777,-75.6901106
Cisco,Riyadh,24.638916,46.7160104
Cisco,Irvine,33.6856969,-117.8259819
Cisco,Zurich,47.3744489,8.5410422
Cisco,Waltham,42.3756401,-71.2358004
Cisco,Boxborough,42.4918015,-71.5272552
Cisco,Boston,42.3554334,-71.060511
Cisco,Vancouver,49.2608724,-123.113952
Cisco,Atlanta,33.7489924,-84.3902644
IBM,Fredericton,45.94780155,-66.65347069241668
IBM,Windsor,51.4800285,-0.6125716
IBM,Bengaluru,12.9767936,77.590082
IBM,Bangalore,12.9767936,77.590082
IBM,Hyderabad,17.360589,78.4740613
IBM,Hopewell Junction,41.5839824,-73.8087442
IBM,Nice,43.7009358,7.2683912
IBM,Vilnius,54.6870458,25.2829111
IBM,Bowling Green,36.9903199,-86.4436018
IBM,Los Angeles,34.0536909,-118.242766
IBM,Miami,25.7741728,-80.19362
IBM,Phoenix,33.4484367,-112.074141
IBM,Burlington,44.4761601,-73.212906
IBM,New York,40.7127281,-74.0060152
IBM,Lima,-12.0621065,-77.0365256
IBM,London,51.5073219,-0.1276474
IBM,Sunnyvale,37.3688301,-122.036349
IBM,Austin,30.2711286,-97.7436995
IBM,Galway,53.2744122,-9.0490601
IBM,Markham,43.8563707,-79.3376825
IBM,New City,41.1469917,-73.9902998
IBM,Calgary,51.0460954,-114.065465
IBM,Cincinnati,39.1014537,-84.5124602
IBM,Irving,32.8295183,-96.9442177
IBM,Campinas,-22.90556,-47.06083
IBM,Manhattan,40.7896239,-73.9598939
IBM,Ann Arbor,42.2681569,-83.7312291
IBM,Canberra,-35.2975906,149.1012676
IBM,Mumbai,19.0785451,72.878176
IBM,Baton Rouge,30.4507936,-91.1391153
IBM,Paris,48.8588897,2.3200410217200766
IBM,Melbourne,-37.8142176,144.9631608
IBM,Columbia,34.0007493,-81.0343313
IBM,Colorado Springs,38.8339578,-104.825348
IBM,Charleston,32.7876012,-79.9402728
IBM,Foster City,37.5600336,-122.2688522
IBM,Cluj-Napoca,46.769379,23.5899542
IBM,San Antonio,29.4246002,-98.4951405
IBM,Yorktown Heights,41.2709274,-73.7776336
IBM,Singapore,1.2899175,103.8519072
IBM,Denver City,32.9679571,-102.8293851
IBM,Halifax,44.648618,-63.5859487
IBM,Madison,43.074761,-89.3837613
IBM,Delhi,28.6517178,77.2219388
IBM,Barcelona,41.3828939,2.1774322
IBM,Toronto,43.6534817,-79.3839347
IBM,Rochester,43.157285,-77.615214
IBM,Des Moines,41.5910323,-93.6046655
IBM,Ireland,53.4152268,-7.96655398901418
IBM,Kansas City,39.100105,-94.5781416
IBM,New Delhi,28.6138954,77.2090057
IBM,Tucson,32.2228765,-110.9748477
IBM,Shanghai,31.2322758,121.4692071
IBM,Seattle,47.6038321,-122.330062
IBM,Denver,39.7392364,-104.984862
IBM,Stuttgart,48.7784485,9.1800132
IBM,Sydney,-33.8698439,151.2082848
IBM,Bucharest,44.4361414,26.1027202
IBM,Columbus,39.9622601,-83.0007065
IBM,Manchester,53.4794892,-2.2451148
IBM,Stockholm,59.3251172,18.0710935
IBM,Cleveland,41.4996574,-81.6936772
IBM,Brazil,39.523652,-87.1250154
IBM,Moscow,55.7504461,37.6174943
IBM,Cologne,50.938361,6.959974
IBM,Bratislava,48.1435149,17.108279
IBM,Pittsburgh,40.4176676,-79.9822409
IBM,Tel Aviv,32.0852997,34.7818064
IBM,Budapest,47.4979937,19.0403594
IBM,Boulder,40.0149856,-105.270545
IBM,Dublin,53.3498006,-6.2602964
IBM,San Francisco,37.7790262,-122.419906
IBM,San Jose,37.3361663,-121.890591
IBM,Dallas,32.7762719,-96.7968559
IBM,Philadelphia,39.9527237,-75.1635262
IBM,Taipei,25.0375198,121.5636796
IBM,Washington,38.8950368,-77.0365427
IBM,Poughkeepsie,41.7065539,-73.9283672
IBM,Winchester,51.0612766,-1.3131692
IBM,Raleigh,35.7803977,-78.6390989
IBM,Palo Alto,37.4443293,-122.1598465
IBM,St. Petersburg,59.938732,30.316229
IBM,Southbury,41.4814848,-73.2131693
IBM,Cambridge,52.197584649999996,0.13915373736874398
IBM,Durham,35.996653,-78.9018053
IBM,Charlotte,35.2272086,-80.8430827
IBM,Chicago,41.8755616,-87.6244212
IBM,Reston,38.9583737,-77.3579805
IBM,Cochin,9.931308,76.2674136
IBM,Sindelfingen,48.7084162,9.0035455
IBM,Armonk,41.1264847,-73.7139777
IBM,Islamabad,33.6938118,73.0651511
IBM,St. Louis,38.6319657,-90.2428756
IBM,Houston,29.7589382,-95.3676974
IBM,Beijing,39.906217,116.3912757
IBM,Dubai,25.2653471,55.2924914
IBM,Emeryville,37.8314089,-122.2865266
IBM,Montreal,45.5031824,-73.5698065
IBM,Portland,45.5202471,-122.674194
IBM,Gurgaon,28.42826235,77.00270014657752
IBM,Ottawa,45.4208777,-75.6901106
IBM,Costa Mesa,33.6633386,-117.903317
IBM,Seoul,37.5666791,126.9782914
IBM,Zurich,47.3744489,8.5410422
IBM,Traverse City,44.7606441,-85.6165301
IBM,Guadalajara,20.6720375,-103.338396
IBM,Littleton,39.613321,-105.016649
IBM,Bielefeld,52.0191005,8.531007
IBM,Haifa,32.8191218,34.9983856
IBM,Boston,42.3554334,-71.060511
IBM,Vancouver,49.2608724,-123.113952
IBM,Plano,33.0136764,-96.6925096
IBM,Atlanta,33.7489924,-84.3902644